archivo,cufe,pagina,linea_producto,numero_factura,fecha_emision,nit_emisor,codigo,descripcion,cantidad,precio_unitario
factura_01_eccc372e4bdb.pdf,eccc372e4bdb8125cf2e896b405ddb91918c7c6d92238892e3b36bd3b6a86929a3c47ed18ae8f559a1bf51b89ab560f1,1,1,FEBQ-243564,2024-11-05,800033723,0,MAMOGRAFIA UNILATERA L O PIEZA QUIRURGICA,1.00,75000.00
factura_02_8e7b821b4644.pdf,8e7b821b46445807245ad6c223d6a054923cea3e5dc59983e55a40cfeac2a4f570eccb198446b27d15c8d834c2e2ced9,1,1,FE-184420,2024-11-07,900142282,SPON1,CONSULTA DE PRIMERA V EZ POR NUTRICION Y DIE TETICA,1.00,42400.00
factura_03_6a7ec741dd95.pdf,6a7ec741dd95ff7f5240481b3ed287f85eea3b665a8b26b91b376095f9bb134d2397ec96586fd16e116ef247a6506770,1,1,FEHP-620761,2024-11-08,800099860,85121701,CONSULTA DE PRIMERA V EZ POR TRABAJO SOCIAL,1.00,21800.00
factura_03_6a7ec741dd95.pdf,6a7ec741dd95ff7f5240481b3ed287f85eea3b665a8b26b91b376095f9bb134d2397ec96586fd16e116ef247a6506770,1,2,FEHP-620761,2024-11-08,800099860,85121701,VALORACION POR PSICOL OGO,1.00,28800.00
factura_04_c2e740942c19.pdf,c2e740942c1925d57f2e82254f21992cbad461a0df57fd42a1475fbe71ba5ab68a824c03487cbc19e80c50e436dd30fe,1,1,SFA-556956,2023-06-28,891180091,906249,"CPN PRUEBA RAPIDA VIH 1 Y 2, ANTICUERPOS",1.00,88800.00
factura_04_c2e740942c19.pdf,c2e740942c1925d57f2e82254f21992cbad461a0df57fd42a1475fbe71ba5ab68a824c03487cbc19e80c50e436dd30fe,1,2,SFA-556956,2023-06-28,891180091,902207,CPN HEMOGRAMA I (HEM OGLOBINA HEMATOCRIT O Y LEUCOGRAMA) MANU AL,1.00,25680.00
factura_04_c2e740942c19.pdf,c2e740942c1925d57f2e82254f21992cbad461a0df57fd42a1475fbe71ba5ab68a824c03487cbc19e80c50e436dd30fe,1,3,SFA-556956,2023-06-28,891180091,903841,CPN GLUCOSA EN SUERO U OTRO FLUIDO DIFEREN TE A ORINA,1.00,15440.00
factura_04_c2e740942c19.pdf,c2e740942c1925d57f2e82254f21992cbad461a0df57fd42a1475fbe71ba5ab68a824c03487cbc19e80c50e436dd30fe,1,4,SFA-556956,2023-06-28,891180091,911015,CPN HEMOCLASIFICACIO N,1.00,32800.00
factura_04_c2e740942c19.pdf,c2e740942c1925d57f2e82254f21992cbad461a0df57fd42a1475fbe71ba5ab68a824c03487cbc19e80c50e436dd30fe,1,5,SFA-556956,2023-06-28,891180091,906317,CPN HEPATITIS B ANTIGE NO DE SUPERFICIE PRUEB A RAPIDA,1.00,111680.00
factura_04_c2e740942c19.pdf,c2e740942c1925d57f2e82254f21992cbad461a0df57fd42a1475fbe71ba5ab68a824c03487cbc19e80c50e436dd30fe,1,6,SFA-556956,2023-06-28,891180091,906039,CPN PRUEBA RAPIDA TRE PONEMA PARA SIFILIS TR EPONEMA PALLIDUM ANTI CUERPOS MANUAL O SEM IAUTOMATIZADA O AUTO MATIZADA,1.00,16400.00
factura_05_3e6331e537f0.pdf,3e6331e537f08a54ec2d9f38904afaae80b16ffa502a12fd9aba388048d50d76b311809be9236aaa1bd1cc781a9d87f3,1,1,FESR-15847,2024-11-08,900141467,C40112,TRATAMIENTO MENSUAL DEL PACIENTE CON IRC E N PREDIALISIS JULIO ENR IQUE PARRA 2000014968 252304857,1.00,663203.00
factura_06_f639eb72baf2.pdf,f639eb72baf2e301eddde8e8e5087295831a12c781d4cf6b4671932cdfa3599223aa3375af807a1f5d66aa1543c9fb91,1,1,FC-1861,2024-11-01,900717202,881436,ECOGRAFIA OBSTETRICA CON TRANSLUCENCIA NU CAL (TAMIZAJE GENETIC O)PERINATOLOGIA,1.00,130500.00
factura_06_f639eb72baf2.pdf,f639eb72baf2e301eddde8e8e5087295831a12c781d4cf6b4671932cdfa3599223aa3375af807a1f5d66aa1543c9fb91,1,2,FC-1861,2024-11-01,900717202,881437,ECOGRAFIA OBSTETRICA CON DETALLE ANATOMIC O PERINATOLOGIA,1.00,191250.00
factura_06_f639eb72baf2.pdf,f639eb72baf2e301eddde8e8e5087295831a12c781d4cf6b4671932cdfa3599223aa3375af807a1f5d66aa1543c9fb91,1,3,FC-1861,2024-11-01,900717202,882262,ECOGRAFIA DOPPLER DE ARTERIAS ILIACAS,1.00,131963.00
factura_06_f639eb72baf2.pdf,f639eb72baf2e301eddde8e8e5087295831a12c781d4cf6b4671932cdfa3599223aa3375af807a1f5d66aa1543c9fb91,1,4,FC-1861,2024-11-01,900717202,E890304,CONSULTA DE CONTROL POR ESPECIALISTA EN PE RINATOLOGIA,1.00,97740.00
factura_06_f639eb72baf2.pdf,f639eb72baf2e301eddde8e8e5087295831a12c781d4cf6b4671932cdfa3599223aa3375af807a1f5d66aa1543c9fb91,1,5,FC-1861,2024-11-01,900717202,E890288,CONSULTA PRIMERA VES POR ESPECIALISTA EN PE RINATOLOGIA,1.00,107280.00
factura_07_2a90ab2ce6b5.pdf,2a90ab2ce6b54e505fc9f463bffb528244abef80d9ab1a9a39d771169c7cfe52b9a48b6feab1fdceb8b4b59ff6e319db,1,1,HTFE-6599,2024-11-04,819001302,,Consulta De Primera Vez P or Medicina General,1.00,52000.00
factura_08_341a447c4891.pdf,341a447c4891f8e302771bf6a6d95d7011e72d44a8cb670356cbb5e92549824eb0071c542261d837978cfd351d2131d1,1,1,CRIA-1406,2025-01-04,900843572,938662,REHABILITACION FUNCIO NAL DE LA DEFICIENCIA - DISCAPACIDAD DEFINITI VA SEVERA,1.00,2900000.00
factura_09_bbed883f8030.pdf,bbed883f80308e0e0e16e52a1286d71274b1a78419875458c590fcec41c065eda762aaef478775dc219de3c5e2d6400b,1,1,HISF-277602,2024-11-05,808003500,S19911,S19911 Tiroidea estimulant e TSH (II N),1.00,102100.00
factura_09_bbed883f8030.pdf,bbed883f80308e0e0e16e52a1286d71274b1a78419875458c590fcec41c065eda762aaef478775dc219de3c5e2d6400b,1,2,HISF-277602,2024-11-05,808003500,S19917,S19917 Tiroxina T4 libre (I IN),1.00,82400.00
factura_10_70d1aab6f793.pdf,70d1aab6f793d4fc7151d69400138cf1bd147e54aaeaf274072898f9d12d979e86e8de79fef27668896db76589323ad0,1,1,HUFE-510239,2025-01-03,800000118,85121502,PROGRAMA MADRE CANG URO SEGUNDA FASE_A,1.00,770000.00
